Model,Best Val IoU,Best Val F1-Score,Final Val Accuracy,Training Time (s)
U-Net (resnet34),0.9359749335991708,0.9650814533233643,0.974456250667572,1591.1456789970398
U-Net (resnet50),0.9509114309361106,0.973820320869747,0.9825468894682432,2440.4546341896057
U-Net (efficientnet-b4),0.9334521811259421,0.9639731159335688,0.968080599057047,3237.1635115146637
